Optimized_N_kg_ha,Optimized_P2O5_kg_ha,Optimized_K2O_kg_ha,Predicted_Yield_kg_ha,Target_Yield_kg_ha
0.39000579038363253,2.359999164775522,1.269999164775522,1701.7249530946176,2932.3
