Optimized_N_kg_ha,Optimized_P2O5_kg_ha,Optimized_K2O_kg_ha,Predicted_Yield_kg_ha,Target_Yield_kg_ha
0.25871341177932466,1.7050002269296791,0.8650072866854719,1720.541176031915,2932.3
