Fixed_N_kg_ha,Optimized_P2O5_kg_ha,Optimized_K2O_kg_ha,Predicted_Yield_kg_ha,Target_Yield_kg_ha
0.27299999999999996,1.6300001164983495,1.2500388097751693,1740.5345834836728,2932.3
