N_Reduction_%,N_kg_ha,P2O5_kg_ha,K2O_kg_ha,Predicted_Yield_kg_ha,Yield_Change_%
0,0.39,2.36,1.27,1696.5845602374745,0.0
10,0.35100000000000003,2.36,1.27,1695.8439102374748,-0.04365535425455374
20,0.31200000000000006,2.36,1.27,1700.5355602374748,0.23287963904653355
30,0.27299999999999996,2.36,1.27,1700.5355602374748,0.23287963904653355
