Optimized_N_kg_ha,Optimized_P2O5_kg_ha,Optimized_K2O_kg_ha,Predicted_Yield_kg_ha,Target_Yield_kg_ha
0.25271062196889865,1.705000239827982,0.8451690069879566,1710.8517119293508,2932.3
